{"ProjectBreakpoints":"{\"Value\":{\"System1/System1_CreateYearlyReport.xaml\":[{\"ConditionalExpression\":null,\"ActionExpression\":null,\"ExpectedHitCounter\":null,\"ShouldContinueAfterAction\":false,\"IsEnabled\":false,\"ActivityIdRef\":\"Sequence_1\",\"ActivityId\":\"1.1\",\"ActivityName\":\"System1_CreateYearlyReport\"}],\"General/Open browser tab.xaml\":[{\"ConditionalExpression\":null,\"ActionExpression\":null,\"ExpectedHitCounter\":null,\"ShouldContinueAfterAction\":false,\"IsEnabled\":false,\"ActivityIdRef\":\"BrowserScope_1\",\"ActivityId\":\"1.5\",\"ActivityName\":\"Attach Browser 'iexplore.exe ACME'\"}],\"ACME/ACME_UpdateWorkItem.xaml\":[{\"ConditionalExpression\":null,\"ActionExpression\":null,\"ExpectedHitCounter\":null,\"ShouldContinueAfterAction\":false,\"IsEnabled\":false,\"ActivityIdRef\":\"InvokeWorkflowFile_2\",\"ActivityId\":\"1.42\",\"ActivityName\":\"Invoke Open browser tab workflow\"}]}}","ProjectWatches":"{\"Value\":[]}","OpenedDocuments":"[\"Framework/KillAllProcesses.xaml\",\"Framework/GetAppCredential.xaml\",\"General/Open browser.xaml\",\"ACME/ACME_Login.xaml\",\"Framework/InitAllApplications.xaml\",\"Framework/GetTransactionData.xaml\",\"ACME/ACME_Logout.xaml\",\"Framework/CloseAllApplications.xaml\",\"Framework/InitAllSettings.xaml\",\"Process.xaml\",\"System1/Update_WorkItem.xaml\",\"Main.xaml\",\"System1/System1_CreateYearlyReport.xaml\"]"}